PROGRAM_ID,GUEST_ID,HONORARY
1451,815,36287
1037,334,86624
960,514,15609
554,316,29908
1312,885,89259
765,364,59228
570,490,15888
376,690,90397
338,762,13118
791,576,15969
1272,741,97753
678,519,85636
409,483,71899
703,978,13329
258,590,42763
1026,238,65103
736,228,96571
347,249,95688
1207,885,75327
235,128,53374
179,366,68653
589,658,13007
101,923,72245
672,975,55961
1234,854,61526
803,289,46031
1460,543,45016
406,110,45063
597,685,31110
1264,697,41884
165,825,43333
216,550,90980
657,674,62842
325,108,35555
965,473,46380
650,720,12842
1362,186,36364
1429,336,22786
855,200,88095
577,670,45118
545,286,43385
877,978,98809
980,303,97200
728,333,88754
1206,893,83419
649,863,46586
1409,595,47021
1324,182,29203
750,319,86851
841,191,81611
1442,567,89543
1128,380,27125
1428,718,22422
292,391,67133
693,957,16991
1440,151,35726
106,560,36840
472,299,70384
1377,457,22801
1401,898,88494
860,218,75567
413,110,36455
486,902,28490
378,210,62152
796,606,29561
1189,693,22698
703,176,75595
740,352,61368
938,723,41908
1099,142,29003
1491,860,53450
545,135,94605
1454,972,47315
164,682,36876
682,943,73834
227,699,71173
477,658,82110
578,992,71640
243,942,39757
553,396,54437
1056,844,60852
1367,238,65701
437,174,65970
1304,644,77060
139,902,20067
362,484,45810
578,403,80040
978,571,21465
1415,972,78647
156,104,11177
1189,473,47723
1049,110,90243
552,255,55097
701,963,80623
1179,802,12118
829,442,49432
381,270,75832
146,842,28267
415,173,50764
846,647,26157
416,547,49736
750,884,54655
437,197,58569
716,828,62786
691,481,79026
1136,233,96850
254,249,71672
859,178,57999
1158,894,16247
350,267,88685
436,740,12280
642,467,75104
431,325,79099
1314,493,55078
112,655,94547
644,688,46144
768,292,21202
1144,783,42491
654,493,24975
141,998,31037
656,380,62881
701,340,40913
1407,662,94399
1288,818,61304
1500,129,60251
957,674,27535
113,459,81589
817,114,68106
200,791,62307
596,680,43593
1178,136,90550
304,994,24051
292,417,66755
1467,775,87388
1011,827,94929
1099,735,23369
908,967,15844
558,969,17785
853,922,47033
1067,465,17845
325,638,56732
537,622,99537
1433,463,29971
845,675,53953
188,661,74860
1355,955,84880
916,621,68903
521,586,63662
482,331,31753
1230,339,65398
1003,726,39703
1275,524,73312
632,198,63666
254,597,42157
624,913,34023
1163,914,13253
998,475,49532
1378,457,68648
771,583,37669
586,714,79234
915,223,31278
1325,655,20422
1194,145,49360
247,439,15572
211,486,96384
914,698,65028
679,865,20510
308,481,70952
272,192,99678
612,406,36835
961,933,31305
1280,609,74456
1154,951,31692
865,249,64205
580,179,15075
298,277,36091
1477,648,38697
1471,428,95111
497,514,30223
816,652,97245
1087,533,29267
625,659,55564
1379,551,79085
569,779,41799
806,435,77296
514,565,58417
1153,212,91389
898,248,40318
1292,935,41685
1231,256,39728
368,286,82758
455,767,99521
732,928,64935
1300,965,66955
1160,594,33737
1448,112,49180
335,439,94437
1149,592,93073
316,879,55599
1419,903,79105
349,994,67174
1257,520,11014
595,445,41729
1060,341,29394
718,473,31249
1167,194,90511
354,199,50625
1233,541,30483
862,736,11700
134,726,70419
743,936,56966
957,124,89696
943,702,11773
460,263,70908
830,730,69306
457,670,29066
461,820,11049
1015,713,36174
1146,368,30592
260,462,26097
238,568,31281
335,133,92585
251,647,84039
1290,761,32016
1094,281,84079
734,282,40524
584,757,58722
130,829,37770
928,212,17722
210,914,11524
1103,605,12484
1394,688,89990
1252,658,59318
332,516,41641
1239,636,31254
1300,472,44559
1050,870,88741
1413,286,49480
206,921,41762
615,944,51628
554,894,39101
1288,234,83337
1380,718,19948
1067,544,77500
231,613,48572
1175,795,75622
510,997,51544
1378,138,39556
828,840,56745
1456,620,24905
764,527,95265
1040,634,15804
308,458,13421
493,267,48611
1278,720,51846
1063,615,90437
491,322,30191
868,669,63330
295,167,47430
443,959,30659
1253,269,81235
537,214,49088
966,805,55068
984,978,89549
777,560,83097
685,236,27867
942,902,27387
394,532,47977
1286,594,57393
111,895,39048
1235,756,97212
515,724,20953
599,322,56545
1268,239,15940
1500,625,37775
1181,378,55318
656,470,83209
518,526,20209
605,240,80319
1297,833,29280
336,399,66344
307,543,78571
1011,655,58592
446,625,34298
1485,493,48432
653,196,81321
1445,413,63677
171,373,12453
253,774,93034
1112,499,92348
976,700,76340
855,527,58935
1038,587,23384
111,836,66430
799,906,17351
1110,521,51893
339,645,72947
336,846,21301
1309,393,31949
150,668,49196
377,455,14608
381,391,61514
253,235,10706
1457,127,62179
1398,575,41381
680,112,93076
529,730,65287
1455,771,91465
1019,525,33616
1437,595,24975
1083,176,31374
289,528,92661
519,378,94939
334,104,35385
1457,178,99126
1400,572,39314
179,808,98075
1222,108,80752
253,432,23340
966,371,91908
966,753,93331
769,244,83549
188,593,32058
545,288,42057
213,372,54136
252,772,72059
595,384,91004
417,418,18673
339,517,86473
1469,170,94572
887,118,95631
694,402,54686
623,360,60268
1242,911,18241
717,199,74034
1264,909,90997
1297,714,25285
1340,162,45948
962,877,66628
1401,764,15672
618,727,83600
1496,569,61608
1279,140,24940
254,457,91822
541,336,24197
1251,363,40620
866,308,41489
898,159,14563
686,739,79989
520,556,40904
772,441,95939
1269,270,16445
1072,167,47491
364,894,91172
1310,793,54122
290,305,41373
1475,142,95502
498,784,47091
922,860,98704
1161,631,35288
227,821,74258
843,296,68331
1112,509,70558
321,939,21555
802,650,21188
1428,132,78405
1170,872,11724
1285,903,90010
431,573,61238
792,583,23698
614,962,52524
628,716,70328
1493,986,26292
1284,309,74693
286,667,61057
1422,992,37633
1017,554,34668
815,766,47595
1366,220,83830
382,895,81827
189,505,65153
800,762,10022
1470,800,48342
229,625,19191
933,505,84554
360,534,36214
709,700,57719
890,303,20323
673,123,99879
1211,711,81164
1234,977,16953
333,632,53432
835,808,50503
762,311,20547
718,377,96802
1274,379,44361
580,354,86826
524,962,69661
449,299,80119
1236,555,14695
922,989,15014
546,653,50086
359,176,44886
1035,616,84829
1040,973,54976
665,681,43008
630,546,62733
1072,738,31879
379,280,27016
1223,336,23164
785,607,22572
1295,584,21864
448,909,90586
1445,956,54770
1350,444,45644
125,486,77451
805,133,72357
1043,631,42841
496,143,89320
633,582,30985
623,658,85106
111,431,46296
184,526,58027
642,732,22839
583,922,30023
1126,187,29469
437,732,82134
901,945,18524
1197,517,21119
919,860,73158
854,706,41171
291,443,73204
503,272,73416
807,105,62236
729,364,47347
734,926,36456
907,696,68630
1069,316,20913
1060,643,97837
191,359,67753
1496,720,43568
1144,854,92664
290,835,34615
547,826,55962
416,589,19873
774,455,65564
1473,341,59312
504,869,30389
1320,316,75031
371,871,85918
166,514,43037
1248,178,97280
820,580,19311
1027,587,50069
791,343,63866
636,536,19150
511,241,42757
1377,457,46457
991,396,13023
949,598,71848
1332,232,29249
994,576,62999
1205,478,93191
1061,786,47432
581,692,12454
326,731,91535
1198,721,28161
467,932,50662
318,792,89906
708,849,59236
910,168,66025
1450,111,83240
1029,934,74084
285,536,81674
1033,739,44546
1027,267,54994
438,635,42805
926,590,68912
362,721,25532
1316,516,35760
454,839,83467
1042,133,62636
488,608,71608
1174,725,54355
240,413,86951
144,346,48705
1365,606,93779
1494,840,19251
1023,442,50581
636,239,59949
521,258,32623
1441,465,41264
115,527,91401
274,500,95055
692,652,19378
1437,646,83921
471,836,81274
1276,414,48362
650,698,81192
363,903,20213
1197,327,39486
603,946,53375
1205,725,45459
163,687,61637
347,892,68287
865,371,98901
407,452,17592
1399,609,26020
634,998,48306
556,590,55160
1055,168,23954
215,328,99457
398,168,10831
341,680,80109
1382,435,43323
625,879,30337
1390,427,20043
520,475,47165
199,919,39172
1190,931,45554
646,235,13748
1229,161,12853
1256,694,63870
1141,685,36141
317,656,88116
203,305,39957
1460,500,54193
451,695,51738
1135,366,53782
794,390,45065
1272,945,58791
1436,905,29842
364,411,40548
521,464,24958
762,123,76128
1368,640,72544
367,321,42792
910,896,16285
1395,444,15404
1168,359,45594
212,179,81013
977,986,95576
232,316,30373
500,522,20894
289,105,63599
518,455,43515
1396,511,58605
1086,902,49523
313,120,74867
1340,645,75957
1272,920,93655
403,560,55647
513,688,72753
249,726,88885
1356,560,40350
1219,542,98671
1298,832,42547
532,808,42518
243,117,40731
1452,638,26119
889,621,70835
311,966,63057
114,126,77483
618,697,86286
940,626,41741
249,428,71076
1089,465,80066
485,952,12119
1446,987,31785
918,997,42651
701,460,18396
420,275,81680
591,758,46219
243,870,26414
285,175,30534
1155,876,59199
477,388,76675
462,552,15277
1141,663,37544
1003,930,94708
782,357,64738
1091,788,82722
1052,208,31387
652,412,29810
458,775,25846
1166,410,82295
136,351,60420
835,273,67071
1442,687,20580
1129,180,50031
835,578,17726
545,444,24724
607,980,31560
473,853,37083
525,354,11822
174,276,66418
1269,309,12859
123,730,31506
634,115,71083
207,154,75843
265,240,88200
658,526,79654
1160,889,50123
545,988,52242
951,966,96655
630,299,11469
1499,316,71527
1116,958,37058
844,967,71931
102,159,77611
1062,813,46312
167,851,25120
996,916,15398
1185,884,31482
156,180,76418
698,682,92937
897,544,80146
357,564,30448
114,570,55685
1126,259,53623
918,957,40842
1077,768,74513
598,942,98423
1252,548,37093
930,532,62235
989,563,40544
1025,696,43904
648,767,21812
788,886,75686
1409,572,98066
688,217,32274
856,163,19584
737,606,37581
568,789,51106
1260,171,55989
1267,600,92634
505,852,97533
511,182,36909
1342,519,60911
936,781,65146
901,354,65540
700,431,89540
686,930,15866
507,631,10869
497,646,73694
544,318,53503
1095,433,61670
779,623,61919
1311,998,86000
1412,269,93477
1124,712,41891
814,292,15511
1025,648,10162
870,425,30561
705,842,91252
1199,779,89237
703,874,67217
195,119,94618
1485,603,70241
1404,324,16456
748,756,30337
401,179,77163
593,875,92132
823,361,83664
1474,278,76302
1422,833,10675
1397,441,83176
829,590,57750
454,591,65348
934,959,68759
1022,273,43485
1297,271,93687
1201,656,69909
110,119,98743
451,225,64123
1319,939,91258
1323,421,26132
1339,280,46969
1261,963,95517
1467,784,47342
1176,653,53202
697,510,11845
1476,452,29406
950,567,20765
736,304,28058
1040,802,29835
519,309,72162
1461,863,31387
1354,260,11058
811,848,93697
718,187,15416
1425,986,41735
246,452,55299
997,121,78550
1144,200,60464
341,413,31567
900,816,62011
1394,472,80942
933,108,78469
195,510,42099
999,433,42282
856,487,74652
1388,150,11760
946,782,57049
646,463,76392
1036,351,91096
578,695,50550
1496,847,91516
216,598,28072
325,775,24471
604,783,81391
131,164,92433
875,286,39571
1263,207,99777
712,607,89687
1186,339,31041
782,892,23559
609,676,63848
1373,277,66516
753,553,48759
1193,871,77957
243,205,77245
746,100,80460
673,388,23691
433,585,86180
946,435,96312
110,801,46262
233,922,60016
247,185,69513
460,310,13665
965,851,37132
1175,497,99487
1023,272,56171
205,509,21455
1211,538,87499
909,843,15233
433,357,20594
104,806,10123
572,403,38768
351,1000,14586
1116,442,56145
367,881,24961
321,246,47735
950,403,54251
310,428,93137
992,367,26526
960,441,27124
1325,127,82479
1186,542,73054
594,372,81754
813,641,68875
404,910,51216
317,225,19325
1139,487,14140
921,567,95053
407,339,37074
1071,479,93132
389,540,23885
1068,486,18127
1147,767,49075
1425,828,79868
773,665,71158
615,201,93805
406,776,22171
1282,570,48503
1143,865,72547
594,440,56783
256,601,62488
274,197,12073
408,430,79165
1140,646,32631
1489,788,71537
478,570,26212
586,287,58453
1004,800,56195
670,628,90235
654,191,38739
725,891,24428
1009,472,90654
1243,281,18455
689,506,99381
906,337,37215
1259,848,80219
1233,453,73158
474,857,22333
565,613,27538
560,150,83575
905,605,92008
459,437,66501
1430,401,81972
1150,889,67194
716,881,18415
848,924,17528
867,926,33912
341,118,42981
1423,344,26709
1432,704,89269
847,437,59596
860,177,42059
1348,417,56516
884,523,71629
1440,761,10887
861,415,39173
960,480,69065
578,553,82065
434,337,50617
644,292,23671
1000,353,28805
1277,781,34006
1055,159,33203
424,304,76950
856,228,42216
521,978,81316
318,276,46885
1097,379,95514
1359,516,89697
1438,488,83295
1249,804,84055
829,578,83717
1227,769,33447
615,526,48394
1435,900,79296
792,509,81059
1487,633,95097
847,659,58859
434,287,71294
1455,827,25720
861,341,22905
913,866,11174
131,420,25517
1271,676,62862
521,597,74244
1177,785,55458
1001,706,34347
613,165,34121
734,548,39852
118,413,31578
515,131,75986
1139,399,64641
1492,120,75429
749,936,66343
1244,499,85830
1069,207,93907
170,313,58419
757,580,26971
250,290,93645
435,394,47793
1437,380,72973
603,217,46778
1104,926,67774
979,309,79518
150,219,32639
1307,285,76019
456,486,42913
737,625,36190
1466,386,40841
445,425,42073
243,454,71971
304,571,19673
458,584,81408
1401,563,73005
1048,763,53793
1489,784,25752
286,495,75444
568,812,19370
835,857,51853
890,387,97178
564,975,62186
288,926,27280
1321,508,94472
585,985,95126
642,552,12980
1371,807,82326
855,954,81124
1210,476,58449
378,381,78707
358,666,99336
970,103,37896
228,803,22183
1437,914,84433
1186,818,76549
422,765,61603
296,177,39230
400,855,86337
215,928,49462
1246,184,17076
1336,955,66785
1077,132,86553
734,677,39934
602,205,63658
1234,757,81636
710,406,83576
232,185,94557
1359,984,15968
1278,829,97114
284,125,94642
1453,161,82363
618,978,31165
173,576,45756
1421,290,85104
745,955,45746
354,142,82820
421,365,84435
1280,301,78147
1060,300,36060
432,894,76434
1424,762,40616
555,118,77266
1141,857,49425
1048,866,56397
554,998,19277
215,199,47895
1305,508,32696
637,548,17801
1137,574,53921
837,932,92711
1276,665,12153
886,856,70308
296,783,37453
387,938,26496
912,546,48832
199,451,93640
640,165,76874
269,657,66659
983,961,37891
603,795,95613
530,872,24123
1130,738,56148
1345,338,86278
767,199,79672
456,602,60812
492,892,86310
368,563,98039
722,909,79996
329,984,31110
1342,919,23078
699,957,64134
976,826,81660
1238,447,32826
1207,745,84354
1149,477,45401
1244,567,15031
739,874,63267
564,856,45100
877,348,15360
525,292,40616
337,550,63521
443,747,89860
1377,304,19982
310,739,68155
310,574,25795
1052,921,37316
750,748,33452
1439,227,85005
1394,872,26439
766,807,66470
1147,644,93077
1183,656,16948
826,601,27785
945,288,18347
229,970,66302
1174,185,79605
1156,466,86046
181,109,62990
1462,887,31095
416,173,29539
226,588,64790
1423,456,64689
551,459,26650
477,222,72853
465,262,76503
726,926,73546
1155,498,54584
708,195,55538
168,723,67850
314,311,48201
888,680,38605
1320,645,19916
602,563,91136
302,795,22517
407,554,94359
1027,312,60051
412,909,23774
934,428,30914
171,359,89149
1090,277,63512
155,716,61029
1479,253,46908
229,205,48299
215,159,93090
1083,258,72696
537,527,30847
1258,278,74181
834,783,62256
409,513,92612
304,269,82720
187,195,59582
430,151,32123
1437,872,19732
372,772,35148
