Program_id,Emp_id
448,196
908,250
859,18
526,209
401,33
292,136
963,80
378,199
219,217
148,34
546,179
689,90
528,126
478,123
235,3
141,240
229,104
755,105
770,39
55,194
515,205
630,176
132,89
782,156
189,71
970,28
397,142
402,197
973,115
304,205
107,76
831,224
120,136
707,61
308,179
544,247
141,121
713,62
778,133
131,23
110,203
378,240
404,239
144,132
951,61
359,159
481,248
547,147
62,185
307,89
685,169
771,91
46,170
897,208
145,68
952,150
635,103
607,203
25,62
670,37
615,246
211,238
582,181
828,58
303,241
103,30
529,15
500,157
460,235
837,68
923,166
936,26
220,148
545,244
270,61
746,54
812,158
675,13
575,51
585,218
421,19
36,73
139,164
330,156
421,9
655,58
409,83
212,105
784,120
411,88
602,191
770,217
527,3
25,103
770,56
912,87
476,127
521,21
460,151
357,139
786,223
669,160
206,26
129,138
268,233
390,80
845,116
381,210
85,19
713,231
296,154
737,108
789,108
307,24
992,59
183,184
287,196
708,142
43,1
376,244
368,52
17,223
567,218
568,4
568,209
727,68
77,211
452,107
349,186
976,114
659,163
278,42
142,233
407,174
91,233
737,52
550,26
529,49
254,242
885,225
551,211
352,230
262,92
60,196
297,49
906,35
870,215
918,27
187,77
704,174
255,87
672,12
890,160
835,184
309,70
749,34
156,34
328,159
78,197
757,174
28,150
706,18
983,239
561,215
524,64
435,107
8,13
646,82
71,152
722,67
618,109
157,105
784,111
325,218
180,122
923,158
746,85
591,223
430,128
272,244
830,210
705,52
580,96
581,152
859,79
143,225
791,237
642,62
701,187
731,68
169,154
278,216
187,216
229,123
21,157
115,203
595,126
916,216
453,119
355,60
100,147
676,8
382,243
367,206
148,217
832,190
529,103
15,118
520,224
478,24
850,197
596,73
871,199
489,72
895,106
542,14
669,82
380,33
185,27
3,159
731,86
320,217
290,203
101,101
808,93
787,87
446,192
969,188
453,54
673,28
198,128
461,44
354,56
256,19
383,107
902,97
62,48
587,232
240,153
940,169
944,10
932,54
589,148
307,213
761,164
807,178
87,142
552,61
523,230
10,145
374,33
441,73
355,213
182,155
497,125
947,225
145,207
504,106
668,87
836,181
867,95
847,130
897,73
203,45
473,66
79,116
767,232
49,31
179,168
923,5
133,221
970,167
89,229
962,204
236,197
117,61
242,246
7,178
285,36
6,32
637,108
973,137
698,149
129,234
790,137
886,46
331,112
296,207
755,43
947,240
543,1
437,248
919,138
729,186
761,135
561,150
216,18
252,58
542,133
366,93
743,28
17,107
131,163
460,107
973,119
449,135
312,108
812,44
387,39
511,188
315,217
398,117
273,186
763,125
828,141
984,104
399,24
934,218
682,81
407,230
854,33
893,232
76,73
76,144
280,215
489,93
338,238
803,127
283,201
123,42
581,157
15,112
387,181
811,237
790,32
325,27
408,129
407,180
791,214
464,73
33,145
224,180
875,99
908,72
406,172
874,2
794,79
490,112
825,225
724,184
733,212
284,59
232,234
832,211
812,210
440,1
874,100
674,225
765,54
604,69
391,191
228,66
504,227
478,226
356,23
105,119
568,216
218,198
4,138
645,114
351,234
692,113
893,41
275,101
328,90
674,187
33,242
40,61
705,246
314,36
268,80
896,248
494,117
873,19
978,166
450,179
864,80
74,43
655,43
391,235
182,10
821,98
720,102
986,27
390,26
438,248
140,190
427,112
923,147
525,211
638,135
508,90
336,247
980,161
857,102
700,182
808,57
763,193
931,79
319,216
512,56
418,183
617,232
5,108
909,67
570,7
242,173
143,70
603,138
229,107
322,230
429,74
517,199
915,150
176,50
622,170
796,244
468,237
654,249
999,82
56,151
220,56
945,27
189,127
470,152
637,17
873,136
882,50
379,191
758,119
265,88
722,203
524,46
364,50
52,224
258,112
497,40
111,242
974,200
59,55
143,243
636,26
637,35
124,196
834,57
552,102
854,78
59,227
525,150
828,78
194,216
212,60
309,168
149,145
325,225
683,235
29,211
868,161
602,116
489,11
262,120
256,115
152,234
676,127
437,152
697,6
490,123
678,223
796,238
980,167
526,83
435,36
307,140
242,117
935,135
938,104
201,171
293,101
923,23
649,149
695,179
471,61
30,158
705,236
819,22
909,250
13,17
72,128
873,111
457,149
880,154
927,212
539,236
165,75
35,48
896,126
935,217
353,226
223,199
131,233
835,70
809,196
636,126
606,9
861,95
425,144
250,67
226,154
9,39
943,211
176,55
414,30
81,52
134,184
828,194
964,186
1000,222
249,230
780,55
674,128
63,124
747,74
168,181
501,67
236,169
156,84
112,211
945,138
940,209
638,238
913,79
105,194
685,80
982,200
61,132
227,223
607,17
782,139
216,63
183,90
246,194
658,125
879,36
30,95
704,218
701,184
365,93
381,47
219,127
207,184
747,133
823,83
493,3
97,60
562,173
864,186
659,61
806,96
656,198
189,138
368,153
414,102
894,127
381,13
107,8
136,85
465,111
839,64
191,186
775,175
50,5
489,14
307,199
365,69
799,205
853,142
716,86
671,182
380,93
320,87
353,136
908,84
335,11
512,229
690,109
721,203
924,64
42,150
345,231
410,171
488,126
248,103
842,182
780,2
400,54
647,129
580,234
981,136
587,21
810,13
203,178
576,80
988,50
694,238
226,93
601,65
901,65
216,227
773,53
864,92
580,134
334,87
827,12
452,131
658,249
875,9
162,24
242,94
813,86
493,250
58,225
332,34
129,2
670,176
276,143
56,3
849,37
411,241
667,142
530,175
202,50
651,91
567,27
516,146
932,129
136,154
106,213
380,170
896,237
531,141
995,158
338,213
183,230
635,231
723,215
279,188
212,91
217,32
915,13
778,63
122,242
406,199
851,172
31,33
634,91
221,194
131,71
823,170
989,246
612,22
916,249
100,62
29,189
323,230
192,44
944,212
27,217
934,94
999,247
869,79
535,148
100,229
261,107
492,59
393,148
272,152
48,163
890,104
552,162
771,57
910,90
221,132
687,186
740,230
747,44
558,235
441,219
839,135
639,221
548,165
965,248
231,41
423,125
816,24
699,14
535,29
816,54
87,48
885,147
720,14
398,248
997,242
953,43
250,98
371,55
83,140
448,99
868,50
371,183
712,250
446,63
536,133
696,25
198,172
863,248
191,86
557,169
673,95
932,182
199,119
109,74
965,229
411,42
451,23
623,198
406,151
130,204
56,143
647,63
189,92
459,9
287,56
235,56
872,204
668,1
139,206
902,188
224,65
650,250
651,148
806,155
824,158
913,73
668,50
88,180
42,24
629,236
371,57
914,2
422,40
62,137
328,232
28,169
692,153
993,95
607,131
954,64
359,195
829,148
450,112
771,41
229,233
311,201
79,2
606,248
522,81
951,134
551,187
166,38
893,166
502,132
98,107
586,111
759,215
357,120
926,109
953,26
524,172
350,80
611,21
30,213
930,109
447,236
104,152
165,85
823,35
114,101
511,155
582,30
219,63
500,135
635,33
601,177
850,183
354,158
329,82
11,196
293,93
655,86
827,71
908,44
335,173
125,170
170,124
876,238
702,157
935,61
369,210
610,42
756,143
657,44
530,196
359,240
876,210
774,146
99,50
643,233
883,73
509,92
636,38
774,160
592,36
759,55
977,153
218,195
272,166
528,174
914,81
68,233
796,197
958,226
717,171
647,232
99,226
427,66
177,80
813,2
274,67
145,226
622,36
944,174
379,49
887,193
186,41
142,155
456,120
967,165
22,197
783,97
594,169
354,232
440,164
404,170
450,107
451,80
854,66
992,52
975,175
317,158
346,236
475,148
34,100
456,216
768,58
431,146
278,114
89,177
234,75
260,30
159,14
912,158
818,206
474,104
458,60
244,12
857,175
3,226
298,105
586,77
825,168
333,132
951,47
266,62
78,220
440,81
389,77
397,233
982,228
403,34
526,185
613,49
540,95
412,32
158,162
112,215
946,88
756,100
326,157
792,133
535,204
331,193
252,12
53,13
505,67
390,150
724,165
39,241
647,92
938,55
370,105
798,74
947,212
507,37
163,243
110,5
947,55
595,161
315,28
55,51
837,59
16,84
526,204
666,63
956,137
615,9
920,48
467,49
232,133
237,49
872,40
194,126
464,89
407,64
554,243
561,226
206,154
157,76
601,25
243,41
541,11
454,120
242,93
124,9
441,197
21,193
808,238
833,121
428,193
502,6
43,141
702,3
861,197
91,203
573,208
180,225
487,195
764,229
598,52
77,224
810,66
20,239
766,172
223,160
550,200
379,179
923,130
250,196
299,185
540,196
301,72
867,92
17,173
854,132
892,214
253,105
87,229
499,55
920,128
784,84
275,235
410,222
683,39
425,167
130,230
151,187
909,116
348,37
867,34
199,18
705,188
,
,
,
,
,
,
,
,
,
,
,
,
,
,
,
,
,
,
,
,
,
,
,
,
,
,
,
,
,
,
,
,
,
,
,
,
,
,
,
,
,
,
,
,
,
,
,
,
,
,
,
,
,
,
,
,
,
,
,
,
,
,
,
,
,
,
,
,
,
,
,
,
,
,
,
,
,
,
,
,
,
,
,
,
,
,
,
,
,
,
,
,
,
,
,
,
,
,
,
,
,
,
,
,
,
,
,
,
,
,
,
,
,
,
,
,
,
,
,
,
,
,
,
,
,
,
,
,
,
,
,
,
,
,
,
,
,
,
,
,
,
,
,
,
,
,
,
,
,
,
,
,
,
,
,
,
,
,
,
,
,
,
,
,
,
,
,
,
,
,
,
,
,
,
,
,
,
,
,
,
,
,
,
,
,
,
,
,
,
,
,
,
,
,
,
,
,
,
,
,
,
,
,
,
,
,
,
,
,
,
,
,
,
,
,
,
,
,
,
,
,
,
,
,
,
,
,
,
,
,
,
,
,
,
,
,
,
,
,
,
,
,
,
,
,
,
,
,
,
,
,
,
,
,
,
,
,
,
,
,
,
,
,
,
,
,
,
,
,
,
,
,
,
,
,
,
,
,
,
,
,
,
,
,
,
,
,
,
,
,
,
,
,
,
,
,
,
,
,
,
,
,
,
,
,
,
,
,
,
,
,
,
,
,
,
,
,
,
,
,
,
,
,
,
,
,
,
,
,
,
,
,
,
,
,
,
,
,
,
,
,
,
,
,
,
,
,
,
,
,
,
,
,
,
,
,
,
,
,
,
,
,
,
,
,
,
,
,
,
,
,
,
,
,
,
,
,
,
,
,
,
,
,
,
,
,
,
,
,
,
,
,
,
,
,
,
,
,
,
,
,
,
,
,
,
,
,
,
,
,
,
,
,
,
,
,
,
,
,
,
,
,
,
,
,
,
,
,
,
,
,
,
,
,
,
,
,
,
,
,
,
,
,
,
,
,
,
,
,
,
,
,
,
,
,
,
,
,
,
,
,
,
,
,
,
,
,
,
,
,
,
,
,
,
,
,
,
,
,
,
,
,
,
,
,
,
,
,
,
,
,
,
,
,
,
,
,
,
,
,
,
,
,
,
,
,
,
,
,
,
,
,
,
,
,
,
,
,
,
,
,
,
,
,
,
,
,
,
,
,
,
,
,
,
,
,
,
,
,
,
,
,
,
,
,
,
,
,
,
,
,
,
,
,
,
,
,
,
,
,
,
,
,
,
,
,
,
,
,
,
,
,
,
,
,
,
,
,
,
,
,
,
,
,
,
,
,
,
,
,
,
,
,
,
,
,
,
,
,
,
,
,
,
,
,
,
,
,
,
,
,
,
,
,
,
,
,
,
,
,
,
,
,
,
,
,
,
,
,
,
,
,
,
,
,
,
,
,
,
,
,
,
,
,
,
,
,
,
,
,
,
,
,
,
,
,
,
,
,
,
,
,
,
,
,
,
,
,
,
,
,
,
,
,
,
,
,
,
,
,
,
,
,
,
,
,
,
,
,
,
,
,
,
,
,
,
,
,
,
,
,
,
,
,
,
,
,
,
,
,
,
,
,
,
,
,
,
,
,
,
,
,
,
,
,
,
,
,
,
,
,
,
,
,
,
,
,
,
,
,
,
,
,
,
,
,
,
,
,
,
,
,
,
,
,
,
,
,
,
,
,
,
,
,
,
,
,
,
,
,
,
,
,
,
,
,
,
,
,
,
,
,
,
,
,
,
,
,
,
,
,
,
,
,
,
,
,
,
,
,
,
,
,
,
,
,
,
,
,
,
,
,
,
,
,
,
,
,
,
,
,
,
,
,
,
,
,
,
,
,
,
,
,
,
,
,
,
,
,
,
,
,
,
,
,
,
,
,
,
,
,
,
,
,
,
,
,
,
,
,
,
,
,
,
,
,
,
,
,
,
,
,
,
,
,
,
,
,
,
,
,
,
,
,
,
,
,
,
,
,
,
,
,
,
,
,
,
,
,
,
,
,
,
,
,
,
,
,
,
,
,
,
,
,
,
,
,
,
,
,
,
,
,
,
,
,
,
,
,
,
,
,
,
,
,
,
,
,
,
,
,
,
,
,
,
,
,
,
,
,
,
,
,
,
,
,
,
,
,
,
,
,
,
,
,
,
,
,
,
,
,
,
,
,
,
,
,
,
,
,
,
,
,
,
,
,
,
,
,
,
,
,
,
,
,
,
,
,
,
,
